node_s,node_f,trail,distance,color,directed
node8,node1,rs,32.1,black,yes
node1,node2,rs,13.7123,black,no
node1,node7,rs,60,black,yes
node2,node3,rs,58.5,black,no
node3,node4,rs,37,black,no
node3,node7,rs,13.63,black,no
node4,node5,rs,18,black,no
node5,node6,rs,95.5,black,no
node6,node2,rs,18,black,no
node8,node9,rs,8.422,black,no
node9,node10,rs,17.4642,black,no
node10,node11,rs,52,black,no
node11,node12,rs,17,black,no
node12,node13,rs,43.272,black,no
node13,node9,rs,12.7369,black,no
